pdb_id,bmrb_ids
1a3p,4201
1a7f,994
1a93,4200
1abt,5024
1ahd,4104
1ahl,5
1aml,5400
1aq5,4054
1arq,395
1arr,395
1atx,1206
1auu,4095
1axh,4233;5702;6192;6194
1azj,4058
1azk,4059
1azp,5905;5908
1azq,5905;5908
1b1v,4292
1b4g,4476
1b4i,4477
1b5n,4292
1b69,4165
1b8q,4304
1b9p,4481
1b9q,4481
1ba5,4210
1bal,2546
1bba,2223
1bbg,4211
1bbl,2546
1bbx,5909;5910
1bcv,4212
1bde,4192
1bds,480
1bf4,5909;5910
1bfw,4213
1bfy,4182
1bh1,4194
1bhi,4216
1big,4190
1bk8,4163
1bku,4219
1bm4,4221
1bmx,4220
1bnz,5909;5910
1bpx,5208;5209
1brv,4020
1bus,53
1bxp,4195
1byv,4260
1bzb,4261
1c49,4760
1c55,4443
1c56,4443
1c6w,4696
1c8c,5905;5908;5909;5910
1c9s,5403
1ca5,5905;5908;5909;5910
1ca6,5905;5908;5909;5910
1cb3,4483
1cbh,192
1ccv,4422
1ce3,4487
1ce4,4322
1cf4,4700
1cix,5268
1cjg,4813
1ckk,5770
1ckw,4595
1ckx,4596
1cky,4596;4597
1ckz,4595;4598
1cnl,4399
1cnn,4500
1cqu,4551
1cr8,4475
1cw5,4506
1cw6,4507
1cwx,4669
1cxr,4509
1d0r,4741
1d0w,5214
1d1e,5215
1d1f,5216
1d2l,4514
1d5g,4123;4516
1d6k,4395
1d7q,4519
1ddm,4263
1df6,4461
1dkc,4615
1dl0,4685
1dlz,4601
1dp3,4584
1dpu,4460
1dt7,5544
1dtk,66
1du1,4631
1du9,4585
1dv0,4757
1dx7,4303;4616
1e0e,4619
1e0g,4680
1e0l,4714
1e0m,4713
1e0n,4715
1e74,4845
1e75,4846
1e76,4847
1e8p,3322
1e8q,3322
1e91,4841;5457
1ed0,4587
1ed7,4588
1edp,2262
1eds,4655
1edv,4654
1edw,4653
1edx,4652
1ee7,4604
1ef4,4571
1egf,2201
1ejp,4591
1ejq,4591;4592
1ekz,4894
1emx,4755
1emz,4699
1epg,1729
1eph,1729
1epi,1729
1epj,1729
1eqx,4607
1ev0,4237
1f62,4928
1f6u,4780;4781
1f8p,4862;5550
1f95,4911
1f96,4911
1fcl,5152
1fd6,5151
1fdf,4651
1fi0,4799
1fje,4867
1fjk,4907
1fjn,4640
1fjp,4907
1fmh,4872
1fqq,4642
1fry,4643
1fu9,4939
1fv5,4644
1fvn,4862
1fwo,4645
1fyj,4634
1g04,4650
1g1e,4635
1g26,4656
1g89,5938;5941
1g8c,4552
1g92,4921
1g9p,4923
1gea,4916
1gjz,5101
1gk5,5120
1gnf,4423
1gtf,5403
1gtn,5403
1h3h,5388
1h8b,4453
1h9f,5043
1ha8,4979
1ha9,5176
1haa,4195
1haj,4195
1hbw,5180
1hd6,4820
1hdl,4910
1hev,6123
1hf9,4906
1hff,4914
1hic,1128
1hiq,1344
1his,1344
1hit,1344
1hj0,5257
1hll,5143
1hls,994
1ho9,5149
1hod,5149
1hof,5143
1hoy,4948
1hp2,4924
1hp3,4923
1hs5,4934
1hu5,5037
1hu6,5034
1hu7,5034
1hui,994
1hvw,4937
1i25,4988
1i26,5039
1i2u,5033
1i2v,4976;5033
1i5h,4963
1i6c,4882
1i6y,5201
1i8e,5021
1i8x,4971
1i8y,4971
1i98,5020
1ib9,5028
1idg,5024
1idh,5024;5025
1ih9,4993
1ihq,4995
1im1,4420
1iox,4990
1ip0,4990
1irr,5188
1iv6,5317;5361
1iw4,5348
1iy5,5469
1iy6,5470
1iyc,5491
1iym,5459
1j5b,5157
1j5j,5184
1j5l,4754
1j5m,4725
1j5n,4869
1j8n,5111
1j8z,5110
1j9v,5109
1jaa,5108
1jar,5140
1jbd,4948;5006
1jc8,5139
1jco,4997
1jcp,5138
1jd8,5137
1jdk,5136
1jei,5074
1jgn,5084;5085
1jh4,5084
1ji9,5066
1jjd,5147
1jjz,5114
1jlo,5113
1jlp,5112
1jlz,5082
1jm4,4312
1jmc,5821;5822;5823
1jn7,5096
1jo6,5092
1ju8,5098
1jv8,5171
1jv9,5171
1jzp,5196
1k09,5183
1k36,5173
1k37,5173
1k3m,5246
1k48,5114
1k4u,5498
1k7b,5210
1k81,5294
1k8b,5294
1k8v,5192
1k91,5205
1ka6,5212
1ka7,5211
1kal,5114
1kat,5185;5198
1kbe,5203
1kbf,5203
1kc4,5024
1kgm,5272
1kio,5273
1kj0,5274
1kj6,5264
1kl8,5024
1klq,5299
1kma,5276
1kmf,5246
1kmr,5277
1kmx,5238
1kqq,4334
1kuw,5302
1kv4,5265
1kx6,23
1kyj,5301
1kz0,5289
1kz2,5290
1kz5,5291
1kzs,5283
1kzt,5283
1kzv,5283
1l1k,5293
1l1m,5345
1l2y,5292
1l3e,5306
1l3y,5338
1l4v,1209
1l4w,4195;4838
1l6e,4473
1l8c,5327
1lbj,5454
1ld5,5381
1ld6,5375
1lfc,4157
1lfu,5349
1lgl,5184
1liq,5369
1ljv,5379
1ljz,4195;4838
1lkq,1344
1lmm,5495
1lo1,5363
1lqc,736
1lv4,5463
1lvz,5376
1lxf,5386
1m02,5494
1m25,5405
1m36,5464
1m4e,5501;5502
1m4f,5501
1m4p,5532
1m4q,5532
1m8b,1374;5472;5473
1m8c,1374;5472;5473
1ma2,5486;5487;5488;5489
1ma4,5486;5487;5488;5489
1ma5,5486;5487;5488;5489
1ma6,5486;5487;5488;5489
1mb6,5527
1mhi,1585
1mhj,1585
1mhu,1154
1mmc,6591;6637;6639;6647
1mot,5607
1mpe,5654
1mpz,5410
1mqx,5581
1mqy,5582
1mqz,5580
1mtq,5585
1mv4,5610
1mwn,5544
1mxq,5575
1myu,5574
1n09,5613
1n0z,5667
1n1u,5609
1n4n,5612
1n6t,5611
1n7t,5631
1n87,5594
1n8m,5676
1nau,5673
1nbj,4461
1nbl,5670
1nd9,5624
1ne5,5652
1nh4,5815
1nix,5675
1niy,5674
1nj3,5669
1njq,5342
1nk2,4141
1nk3,4141
1nmj,5735
1npq,5738
1nvo,5747
1nwd,5770
1nxn,5608
1o53,5708
1om2,4496
1omq,5542
1omt,42
1omu,42
1oqp,5722
1orl,5767
1osl,5791
1p4q,5306
1p7a,5851
1p9f,5864
1p9j,5801
1pb5,5817
1pd7,5457;5808
1pdc,1474
1pit,45
1pjf,5877
1plw,5915
1plx,5914
1pon,3118
1pp5,5859
1pqr,5869
1psb,5838
1pv0,5847
1pvz,5865
1pxq,5860
1q10,5875
1q2f,5911
1q2i,5911
1q2j,5881
1q2n,4023;5656
1q5w,5669
1q68,5944
1q69,5944;5945
1q7o,5934
1q9b,6123
1qa4,4950
1qa5,4951
1qbf,4842
1qey,4355
1qfa,4398
1qfb,4406
1qfd,4404;4490
1qgm,4351
1qhk,4424
1qk7,4410
1qky,4427
1qlo,4557
1qmw,4503
1qp6,4347
1qtg,4540
1quz,4541
1qvk,6041
1qvl,6041
1qx9,5938;5941
1qxq,5938;5941
1r02,5994
1r2a,4473
1r48,5972
1r7c,5978
1r7d,5978
1r7e,5978
1r7f,5978
1r7g,5978
1r8u,5987
1r9i,6027
1r9v,6039
1rcs,441
1rg3,6040
1rg4,6040
1rgj,5988
1rgo,6005
1rij,6088
1rik,6064
1rim,6063
1rji,6037
1rkj,4867
1rkk,6020
1rkl,6056
1rmk,6135
1ru5,6068
1ruu,6068
1rwd,5926
1ryg,6067
1ryv,6066
1s1o,6101
1s40,5232
1s4a,6105
1s4h,6107
1s4j,6106
1s4t,6083
1s5q,4635
1s5r,4635
1s6w,6085
1s8k,6109
1sb0,6095
1scy,408
1sf1,1344
1sh1,1049
1shi,275
1sjt,1344
1sju,1344
1ski,6170
1skk,6169
1skl,6168
1smz,6151
1sop,6200
1sp7,6200
1spw,6263
1srb,1811
1srk,6216
1ss3,6139
1ssl,6165
1ssu,6160
1suy,5824
1sv1,5824
1sx0,6191
1sx1,6191
1sy9,5480
1t0c,6623
1t0w,6123
1t1k,1344;6204
1t1p,1344;6203
1t1q,6205
1t2y,248;6290
1t51,6220
1t52,6219
1t54,6218
1t55,6217
1t5m,6246
1t5q,6245
1tm6,6289
1tmz,4133
1tn9,4165
1tot,6238
1tur,42
1tus,44
1tv0,6264
1u0i,6260
1u2u,6301
1u7j,6303
1u7m,6302
1uao,5694
1ugl,5848
1ujl,5922
1ul2,5985
1unc,5964;5965
1und,5966
1uua,262
1uuc,6110
1v28,5986
1v46,6006
1v4z,6017
1v50,6018
1v6r,6070
1v92,5876
1vd7,6156
1vd8,6157
1vd9,6154
1vda,6155
1vdb,6156
1vdi,10012
1vdj,9500
1vex,10002
1vgh,5238
1vj6,5131;6060
1vkt,1760
1vpc,4257
1w1n,6228
1wa7,6261;6456
1wnk,6154;6296
1wnm,6157;6293
1wnn,6155;6294
1wo3,6329
1wo4,6328
1wo5,6327
1wo6,6326
1wo7,6325
1wpd,6347
1wqk,6370
1wrg,6350
1wso,5994
1wt7,6389
1wt8,6037
1wxn,6467
1wz4,6557
1x22,5749
1x32,6589
1x5v,6636
1x9b,6291
1x9v,4257
1xgl,1344
1xkm,6499
1xr0,4790
1xrd,6349
1xsw,6351
1xt7,6420
1xut,6384
1xv3,6388
1xxz,6421
1xy4,6422
1xy5,6423
1xy6,6424
1xy8,6425
1xy9,6426
1y03,6427
1y04,6427
1y0j,4423
1y1b,6386
1y1c,6387
1y4e,6446
1y58,6463
1y5c,6462
1yiu,6459
1ymz,6530
1yt6,6511
1ytr,6561
1ywi,6558;6559
1ywj,6558
1yyb,6556
1z0q,6554
1z0r,4281
1z65,6598
1z9i,6579
1za8,6596
1zjq,6654
1zlc,6720
1zn5,5877
1znt,6656
1znu,6627
1zr7,6721
1zrp,5601
1zsg,6777
1ztn,4476
1zuv,6656
1zxh,6679
2a05,6740
2a1c,6714
2a2b,6737
2a4j,5503;5992
2a93,4200
2a9h,6728
2aap,6654
2aff,6748
2agh,6095;6750
2aiz,6465;6856;6858
2ajj,6757
2ajm,6757
2ajn,6757
2ajo,6757
2ajw,6818
2ak0,6817
2amn,6835
2ap7,6774
2ap8,6775
2ari,6867
2atg,6815
2axk,6924
2b38,6872
2b68,6849
2b6g,6956
2b87,6806
2b88,6804
2b89,6805
2bai,6863
2bbg,4211
2bbl,6898
2bbp,6898
2bbu,6580
2bbx,6865
2bc7,6897
2bc8,6896
2bds,480
2beg,5057
2bic,6520
2bjc,7354
2bl6,7352
2bmt,4191
2bn5,6690
2btx,4195
2bug,6696
2bus,53
2c06,6925
2cbh,192
2cef,6993
2ceh,6991
2cez,6996
2cfj,6998
2cpb,4197;4209
2cps,4197
2crd,114
2czp,10001
2czy,6749
2dah,11271
2dci,6954
2dez,7006
2df0,7005
2dj9,7050
2djc,7051
2dq5,7124
2dt7,11365
2dwf,6741
2dwv,10028
2dyf,6721
2e2f,6729
2e45,7365
2e4e,15107
2e8d,10022
2ec7,7384
2ech,2204
2ecj,11341
2ecm,11343
2eem,15140
2efz,15195
2elk,10150
2em1,10166
2em2,10167
2em3,10168
2em4,10179
2em5,10196
2em6,10197
2em7,10180
2em8,10198
2em9,10181
2ema,10199
2emb,10200
2emc,10201
2eme,10182
2emf,10183
2emg,10184
2emh,10202
2emi,10203
2emj,10204
2emk,10205
2eml,10303
2emm,10304
2emp,10305
2emv,10224
2emw,10225
2emx,10226
2emy,10227
2emz,10228
2en0,10229
2en1,10230
2en2,10231
2en3,10232
2en4,10233
2en6,10151
2en7,10152
2en8,10169
2en9,10170
2ena,10171
2enc,10172
2ene,10173
2enf,10174
2enh,10175
2eoe,11167
2eof,10216
2eog,10217
2eoh,10206
2eoi,11165
2eoj,10218
2eok,10219
2eol,11166
2eom,10189
2eon,10220
2eop,10191
2eoq,10192
2eor,10221
2eos,10157
2eou,10158
2eov,10153
2eow,10207
2eox,10208
2eoy,10154
2eoz,10209
2ep0,10210
2ep1,11169
2ep2,10155
2ep3,11170
2epq,11378
2epr,11379
2eps,11380
2err,6895
2esy,6892
2eti,397
2ew4,6891
2ewl,6916
2f8b,6916
2fho,11366;11367
2flg,7010
2fqa,6952
2fqc,6951
2frw,7035
2fs1,6945
2fxp,6969
2fxy,7012
2fxz,7011
2fy9,6826
2g35,7061
2g3q,7002
2g46,6997
2g57,7001
2g9j,7080
2g9l,7065
2gj0,7064
2gkd,6726
2gl1,7092
2glo,7097
2gmc,6437
2gmd,6437
2gqe,7158
2gs0,6225
2gw9,6264
2gx1,7186
2h1z,7117
2h3s,7233
2h3t,7232
2h4b,7233
2h7d,7150
2h7e,7150
2h8s,7177
2h9x,7166
2hgh,7194
2hiu,1344
2hn8,7258
2hug,7241
2i1d,15051
2i1e,15040
2i1f,15041
2i1g,15042
2i1h,15043
2i1i,15044
2i1p,7263
2i1t,7273
2i2h,15069
2i2j,15068
2i5o,15160
2i94,7293
2i9m,7282
2i9n,7283
2i9o,7284
2igz,7294;7295
2iij,6298
2ike,15106
2imu,15108
2it8,7361
2iwj,7342
2j0z,7251
2j10,7252
2j11,7252
2j15,7341
2j5d,7288
2j5h,7299
2jm0,15000
2jm2,7262
2jma,7306
2jmf,15016
2jmx,15072
2jmy,15099
2jn5,15095
2jnh,15111
2jni,15115
2jnr,15124
2jo5,15392
2jo9,15153
2joa,15154
2joc,15159
2jod,15166
2jof,15169
2jot,15382
2jou,6741
2jp5,15218
2jp9,15532
2jpa,15533
2jpj,15259
2jpk,15261
2jpl,15259
2jpm,15261
2jpp,15257
2jq2,15267
2jq8,15271
2jqb,15272
2jqc,15273
2jqw,15302
2jr3,15318
2jr8,15323
2jrd,15390
2jsb,15359
2jtt,15418
2jum,15450
2jup,15453
2juu,15454
2juv,15455
2jv1,15464
2jv4,15466
2jvd,15476
2jvx,15499
2jvy,15500
2jw1,15504
2jwg,15753
2jwh,15752
2jws,15535
2jwu,15537
2jx8,15550
2jxc,15554
2jxf,15559
2jy0,15579
2jy7,15591
2jy8,15592
2jzi,15624
2k03,15635
2k04,15636
2k05,15637
2k0b,15591
2k10,15665
2k17,15671
2k1k,15728
2k29,15691
2k2f,15704
2k2y,15730
2k2z,15731
2k38,17015
2k3c,15747
2k3u,15778
2k42,16824
2k4x,15811
2k6i,15870
2k6o,15876
2k6q,15877
2k6r,15879
2k6s,15880
2k6t,16901
2k6u,16968
2k72,15900
2k76,15946
2k7l,15919
2k8f,15944
2k8j,15951
2k8x,15965
2k91,16027
2k9e,15983
2k9i,15987
2k9j,16497
2k9o,15992
2k9u,16002
2k9y,16005
2ka1,16012
2ka4,16014
2ka6,16015
2kad,16020
2kae,16812
2kak,16025
2kam,16028
2kb9,16857
2kbl,16090
2kbm,16050
2kbv,16056
2kc6,16062
2kc8,16065
2kcg,16073
2kch,16074
2kcn,16087
2kdl,16116
2kdm,16117
2kdr,16122
2ke1,16510
2keg,16148
2keh,16149
2kel,16153
2kes,16156
2kfe,16178
2kff,16179
2kfg,16180
2kfh,16181
2kfq,16187
2kft,16878
2kg0,16193
2kg1,16194
2kgg,16209
2kgi,16210
2kh9,16230;16243;16244;16246
2khb,16235
2khf,16239
2khg,16241
2khk,16247
2khs,15357
2kht,16254
2ki9,16268
2kib,20074
2kid,16270
2kio,16284
2kit,16295
2kj4,16311
2kje,16318
2kjn,16332
2kjo,16333
2kk7,16354
2kkd,15375;16849
2kke,16357
2klw,16400
2klz,16405
2km8,16425
2kmj,16431
2kmo,16436
2kmp,16437;16438
2kmu,16544
2kmz,17237
2kn1,17252
2kn7,16449
2knc,16496
2kne,16465
2kng,16831
2knh,16467
2kni,16468
2knu,16477
2knx,16482
2knz,16484
2ko0,16485
2koe,16504
2koh,16507
2koz,16539
2kp0,16540
2kpa,16550
2kpb,16551
2kpi,16556
2kpl,16559
2kpz,16574
2kq0,16575
2kq5,16589
2kql,16605
2kqq,16663
2kqt,16612
2kri,16639
2krm,16641
2ks9,16660;20115
2ksa,20116
2ksb,20117
2ksg,16817
2ksp,16671
2kt5,16683
2ktb,16694
2ktc,16693
2kus,16745
2kuy,16747
2kv4,16768
2kvh,16797
2kvm,16778
2kwf,16851
2kwh,15524
2kwn,16861
2kwo,16865
2kwt,16886
2kwu,16880
2kwv,16885
2kwz,16892
2kx5,16941
2kxa,16907
2kxc,16909
2kxk,16915
2kxn,16920
2kxq,16923
2ky3,17227
2ky5,16935
2ky8,16936
2kya,16943
2kyg,16954
2kyj,16963
2kyl,16967
2kym,16970
2kyq,16978
2kza,17001
2kzq,17011
2kzu,17019
2l07,17032
2l0e,17040
2l0i,17044
2l11,17071
2l12,17072
2l14,17073
2l1b,17079
2l1c,17080
2l1j,17086
2l1o,17091
2l1r,17103
2l1y,17107
2l1z,17108
2l2l,17138
2l2r,17152
2l2w,17153
2l2x,17154
2l2y,17155
2l2z,17156
2l3h,17193
2l3i,17194
2l3r,17200
2l44,17228
2l45,17229
2l4g,17240
2l4j,17241
2l4t,17255
2l4u,17256
2l53,17264
2l5d,17273
2l5e,17270
2l5g,17271
2l5r,17281
2l60,17291
2l61,17294
2l62,17295
2l63,17296
2l64,17297
2l6e,17307
2l6j,17312
2l70,17330
2l71,17331
2l75,17344
2l77,17346
2l79,17347
2l7c,17356
2l7h,6822
2l7l,17360
2l7t,17377
2l7u,17378
2l86,17394
2l87,17395
2l8e,17396
2l8j,17412
2l8s,17424
2l8x,17430
2l91,17433
2l92,17434
2l93,17435
2l96,17438
2l99,17441
2l9a,17442
2l9b,17161
2l9g,17450
2l9i,17458
2l9s,17485
2l9u,17488
2l9x,17492
2l9z,17494
2la0,17495
2la2,17500
2la5,17504
2laj,17529
2lam,17531
2laq,17533
2las,17536
2lat,17537
2law,17538
2lax,17539
2lay,17540
2laz,17541
2lb0,17542
2lb1,17543
2lb2,17544
2lb3,17545
2lb7,17547
2lbg,17558
2lbm,17569
2lbs,17574
2lbz,17583
2lcm,17617
2lcn,17618
2lco,17619
2lcs,17629
2lct,17632
2lcx,7205
2lcy,17638
2lcz,17639
2ld0,17642
2ld2,17644
2ld5,16577
2lda,17657
2ldc,17658
2ldd,17659
2lde,17661
2ldf,17662
2ldj,17669
2lds,17681
2le2,17689
2le3,17690
2le7,17699
2le8,17702
2leb,17706
2lec,17707
2lef,4248
2leh,17711
2ler,17726
2leu,4507
2lev,17729
2lew,17731
2lex,17732
2ley,17733
2lfk,17763
2lfl,17779
2lfm,17764
2lg4,17792
2lg5,17797
2lg6,17798
2lgb,17803
2lgf,17807
2lgg,17808
2lgi,17810
2lgk,17812
2lhc,17839
2lhd,17840
2lhe,17841
2lhg,17843
2lhv,17868
2lhw,17869
2lhx,17870
2lhy,17871
2lhz,17872
2li0,17873
2li1,17874
2li2,17875
2li5,17879
2li8,17883
2li9,17884
2lic,17888
2lid,17889
2lif,17891
2lix,17908
2liy,11452
2lj7,17923
2ljb,17928
2ljc,17929
2ljq,17955
2ljs,17956
2ljt,17958
2lk0,17969
2lk1,17970
2lk5,17979
2lk6,17997
2lk9,17985
2lkj,17990
2lkm,18000
2lkq,18009
2lks,18010
2lkw,18014
2lkx,18015
2ll1,18019
2ll2,18022
2ll5,18023
2ll6,18027
2ll7,18028
2lld,18043
2llm,18080
2llo,18082
2llp,18083
2llq,18084
2llr,18085
2lm8,18102
2lma,17584
2lmb,18110
2lmf,18114
2lmn,18127
2lmo,18128
2lmp,18129
2lmq,18131
2lmz,18141
2ln4,18146
2lne,18162
2lnf,18163
2lng,18164
2lnh,18165
2lnk,18169
2lnq,18175
2lnw,18182
2lny,18184
2lo2,18191
2lo3,18192
2lo4,18195
2lo6,17173
2lo7,17987
2lo9,18203
2lob,18205
2loc,18206
2lox,18229
2loz,17364
2lp0,17407
2lp8,18238
2lpb,18244
2lpf,18256
2lq0,18284
2lq1,18286
2lq2,18289
2lqa,18300
2lqc,18302
2lqh,18314
2lqi,18315
2lqx,18334
2lqy,18335
2lr1,18340
2lr3,18345
2lr5,18347
2lr7,18350
2lr9,18354
2lrx,18400
2ls1,18405
2ls2,18408
2ls3,18409
2ls4,18410
2ls9,18418
2lsa,18420
2lsi,18432
2lsj,18433
2lsk,18434
2lsp,18439
2lsq,18440
2lsr,18441
2lsv,18447
2lsw,18449
2lt7,18462
2lt8,18463
2lti,18481
2lto,18490
2ltt,18496
2ltv,18498
2ltw,18499
2ltx,18500
2lty,18501
2ltz,18502
2lu6,18510
2lu9,18513
2lua,18514
2lue,18518
2luf,18519
2lug,18520
2lum,18531
2lup,18534
2lur,18536
2luv,18542
2lv6,18556
2lvg,18568
2lvm,18579
2lvn,18581
2lvo,18582
2lvp,18583
2lvq,18584
2lw9,18614
2lwa,18617
2lwb,18618
2lwc,18619
2lwl,18634
2lwq,18641
2lws,18643
2lwt,18644
2lwu,18645
2lwz,18654
2lx0,18655
2lx4,18658
2lx5,18659
2lx6,18661
2lxg,20048
2lxo,18684
2lxp,18688
2lxs,18694
2lxt,18695
2lxw,18700
2lxz,18705
2ly0,18706
2ly5,16215
2ly6,18710
2lyd,18720
2lye,18722
2lyf,18723
2lz3,18649
2lz4,18648
2lz5,18736
2lzi,18757
2lzl,18763
2lzo,18766
2lzp,18768
2lzq,18769
2lzr,18770
2lzs,18771
2lzx,18783
2lzy,18784
2m04,18793
2m0b,18804
2m0h,18809
2m0j,17771
2m0k,17771
2m0o,18813
2m0p,18816
2m0s,18822
2m0u,18825
2m0v,18826
2m0w,18830
2m14,18842
2m1a,18852
2m1d,18858
2m1e,18859
2m1f,18861
2m1j,18865
2m1p,18875
2m1t,18879
2m2g,18913
2m2h,18914
2m2m,18921
2m2n,18923
2m2o,18924
2m2p,18925
2m2q,18926
2m2s,18931
2m2w,18935
2m2x,18937
2m2y,18938
2m32,18942
2m35,18945
2m36,18946
2m37,18948
2m3b,18952
2m3e,18958
2m3f,18959
2m3i,18964
2m3j,18965
2m3m,17942
2m3n,18970
2m3o,18971
2m3z,18980
2m41,18982
2m4j,19009
2m4x,19026
2m4y,19027
2m4z,19030
2m50,19032
2m55,19036
2m59,19041
2m5a,19043
2m5b,19045
2m5e,19050
2m5f,19052
2m5k,19058
2m5l,19059
2m5m,19060
2m5n,19062
2m5p,19070
2m5q,19071
2m5x,19085
2m5z,19094
2m60,19101
2m61,19102
2m62,19103
2m6a,19124
2m6c,19128
2m6d,19129
2m6e,19130
2m6f,19131
2m6g,19132
2m6h,19133
2m6j,19142
2m6o,19148
2m6p,19149
2m73,19170
2m76,19174
2m77,19175
2m78,19176
2m79,19177
2m7c,19180
2m7d,19183
2m7e,19184
2m7i,19190
2m7j,19192
2m7p,19200
2m7r,19202
2m7t,19205
2m7x,19216
2m86,19230
2m8b,19237
2m8d,19248
2m8e,19249
2m8f,19250
2m8i,19258
2m8j,19259
2m8m,19262
2m8o,19263
2m8s,18416
2m8v,19275
2m96,19283
2m99,19287
2m9e,19291
2m9f,19292
2m9i,19295
2m9j,19296
2m9l,19300
2m9o,19304
2m9p,19305
2m9q,19306
2m9r,19309
2ma9,19333
2maa,19334
2mae,19342
2mai,19355
2mak,19363
2map,19367
2mau,19374
2mb0,19382
2mb1,19383
2mbd,19396
2mbh,19399
2mby,19416
2mbz,19421
2mc0,19422
2mc1,19423
2mc6,19429
2mc7,19430
2mce,19437
2mcr,19450
2mcu,19454
2mcv,19455
2mcw,19456
2mcx,19457
2md0,19460
2md1,19468
2md2,19469
2md3,19470
2md4,19471
2md6,19476
2md7,19472
2md8,19473
2mdb,11538
2mdc,19483
2mdf,19484
2mdg,19486
2mdi,19487
2mdj,19488
2mdl,18363
2mdq,19501
2mdu,19503
2mdv,19504
2mdw,19505
2me1,19512
2me2,19513
2me3,19514
2me4,19515
2me7,19519
2mel,19524
2men,19527
2meo,19528
2met,19531
2meu,19532
2mf3,19535
2mf8,19540
2mfa,19542
2mfc,19544
2mfe,19546
2mff,19547
2mfg,19548
2mfh,19549
2mfm,19555
2mfo,19556
2mfp,19557
2mfq,19562
2mfr,19568
2mfs,19570
2mfv,19573
2mfx,19577
2mfy,19578
2mg0,19580
2mg1,19581
2mg2,19582
2mg3,19583
2mg5,19586
2mg6,19587
2mg9,19593
2mgo,19595
2mgt,19602
2mgu,19604
2mgw,19606
2mgz,19609
2mh0,19610
2mh1,19611
2mh5,19619
2mh8,19623
2mho,19643
2mhv,19657
2mhw,19658
2mhy,19660
2mi1,19663
2mi5,19666
2mi9,18998
2mia,18999
2mic,19673
2mid,19674
2mie,19675
2mif,19677
2mig,19678
2mih,19679
2mij,19683
2mit,19693
2mix,19697
2mj1,19701
2mj2,19702
2mj9,19712
2mjc,19716
2mjf,19626
2mjg,18939
2mjh,19726
2mjk,19729
2mjo,19741
2mjq,11551
2mjr,11552
2mjs,11553
2mjt,11554
2mjv,19738
2mjy,19746
2mjz,19747
2mk7,19759
2mk9,19764
2mkb,19765
2mkc,19766
2mki,19776
2mkk,19778
2mkn,17679
2mkp,19789
2mkr,19791
2mkx,19799
2mky,19800
2ml7,19808
2ml9,19809
2mla,19810
2mld,19813
2mli,19822
2mlj,19823
2mlo,19828
2mlq,19829
2mlu,19832
2mlv,19833
2mm4,19845
2mm5,19846
2mm6,19847
2mmj,19856
2mmm,19859
2mmt,19865
2mmw,21000
2mn1,19874
2mn3,19878
2mn5,19880
2mn8,19882
2mn9,19883
2mna,19095
2mnj,19688
2mnq,19901
2mns,19902
2mnu,19906
2mny,19913
2mnz,19914
2moa,19932
2moc,19933
2moe,19939
2mof,19941
2mow,19954
2mp2,19961
2mp9,19973
2mpg,19978
2mpi,19979
2mpj,19986
2mpm,19989
2mpq,19998
2mps,18876
2mpt,25000
2mpz,25004
2mq2,25009
2mq4,25011
2mq5,25012
2mqf,25031
2mqo,25041
2mqp,25042
2mqq,25043
2mqs,25048
2mqu,25050
2mqv,25052
2mr9,25066
2mre,25070
2mrf,25071
2mrk,25082
2mru,25092
2mrw,25096
2ms0,25100
2ms1,25101
2ms3,25102
2ms4,25104
2msa,25112
2msf,25122
2mso,25128
2msq,25129
2msr,25130
2msu,25131
2mt7,25151
2mt8,25152
2mtm,25169
2mto,25174
2mtp,25176
2mtt,25186
2mtu,25187
2mtv,25188
2mtw,25189
2mtx,25190
2mty,25191
2mtz,25192
2mu6,25200
2mu7,25201
2mu8,25202
2mu9,25203
2mua,25204
2mub,25205
2mud,25206
2mue,25207
2muf,25209
2mug,25211
2muh,25212
2muj,25215
2mul,25219
2mum,25221
2mun,25223
2muq,25229
2mur,25230
2muv,25233
2muw,25234
2muz,25236
2mv1,25238
2mv6,25079
2mv7,19516
2mva,25254
2mvc,25260
2mvd,25261
2mvh,25268
2mvi,25269
2mvj,25270
2mvk,25273
2mvl,25274
2mvm,25275
2mvn,25276
2mvt,25283
2mvw,25288
2mvx,25289
2mw0,25293
2mw2,25296
2mw3,25297
2mw4,25298
2mw6,25300
2mw7,25302
2mw9,25309
2mwa,25310
2mwb,25311
2mwd,25313
2mwe,25314
2mwf,25315
2mwj,25331
2mwk,25332
2mwl,25335
2mwn,25343
2mwo,25347
2mwp,25348
2mwr,25352
2mwt,25363
2mwx,25376
2mwy,25377
2mx4,19905
2mx6,25394
2mxb,25396
2mxe,25405
2mxf,25407
2mxg,25408
2mxh,25409
2mxm,25419
2mxo,25421
2mxp,25423
2mxq,25424
2mxu,25429
2mxv,25433
2mxy,25436
2my2,25442
2my3,25443
2myh,25452
2myl,25456
2mym,25457
2myq,25458
2myz,25465
2mz0,25468
2mz1,25469
2mz2,25470
2mz3,25471
2mz4,25472
2mz6,25474
2mz7,25475
2mza,25478
2mzd,25484
2mzk,25490
2mzl,25491
2mzp,25495
2mzx,25505
2n01,25512
2n07,25516
2n08,25517
2n09,26536
2n0b,25519
2n0c,25520
2n0d,25521
2n0e,25522
2n0f,25523
2n0g,25524
2n0h,25525
2n0i,26538
2n0n,26537
2n0o,25529
2n0v,25537
2n0x,25539
2n0y,25540
2n0z,25541
2n13,25545
2n16,25548
2n1a,25553
2n1c,25555
2n1d,25556
2n1e,25558
2n1g,25559
2n1n,25568
2n1o,25569
2n1p,25570
2n1s,25574
2n21,25582
2n23,25584
2n24,25585
2n29,25592
2n2a,25593
2n2c,25595
2n2f,25597
2n2g,25598
2n2h,25599
2n2q,25605
2n2r,25609
2n2s,25610
2n2v,25613
2n2w,25614
2n2x,25615
2n30,25631
2n31,25632
2n35,25634
2n3a,25639
2n3k,25649
2n3o,25652
2n3p,25653
2n3x,25659
2n4g,25667
2n4h,25668
2n4k,25670
2n4n,25673
2n4q,25677
2n4r,25678
2n4s,25679
2n4t,25680
2n4u,25681
2n4v,25682
2n4w,25683
2n55,25694
2n58,25699
2n5c,25704
2n5j,25718
2n5k,25719
2n5l,25720
2n5m,25722
2n5q,25725
2n5r,25726
2n5s,25729
2n5w,25737
2n5y,25741
2n63,25749
2n65,25751
2n66,25753
2n68,25754
2n69,25755
2n6b,25758
2n6h,25764
2n6i,25765
2n6m,25769
2n6n,25774
2n6o,25775
2n6u,25782
2n6v,25783
2n70,25788
2n71,25789
2n7c,25800
2n7f,25804
2n7i,25806
2n7j,25807
2n7k,25808
2n7n,25813
2n7o,25814
2n7q,25817
2n7r,25818
2n7t,25820
2n82,25831
2n85,25835
2n88,25837
2n8a,25888
2n8b,25844
2n8c,25845
2n8d,25846
2n8e,25847
2n8h,26674
2n8j,25852
2n8l,25854
2n8m,25855
2n8o,25857
2n8p,25858
2n8r,25859
2n8s,25864
2n8t,25865
2n8u,25866
2n90,25872
2n92,25877
2n94,26691
2n95,25881
2n9a,25898
2n9c,25900
2n9e,25901
2n9k,25909
2n9l,25910
2n9m,25911
2n9o,25913
2n9p,25914
2n9r,25916
2n9t,25917
2n9x,25919
2n9y,25920
2n9z,25922
2na3,25926
2na5,25928
2na6,25929
2na7,25930
2na8,25931
2na9,25932
2nab,25934
2nae,25935
2naj,25939
2nal,25941
2nao,26692
2nat,25946
2nau,25947
2nav,25948
2naw,25949
2nay,25954
2nb0,25957
2nb1,25958
2nb2,25959
2nb5,25962
2nb6,25963
2nb7,25965
2nb8,25966
2nb9,25967
2nbc,25971
2nbf,25974
2nbj,19957
2nbl,25982
2nc2,26001
2nc3,26005
2nc4,26006
2nc5,26007
2nc6,26008
2nc7,26009
2ncs,26034
2nct,26035
2ncu,26036
2ncv,26037
2ncw,26038
2ncy,26040
2ncz,26041
2nd0,26042
2nd1,26043
2nd2,26045
2nd3,26046
2nd6,26049
2nd7,26050
2nd8,26051
2ndb,26054
2ndc,26055
2ndd,26056
2nde,26057
2ndf,26059
2ndg,26060
2ndi,26062
2ndk,26063
2ndl,26064
2ndm,26065
2ndn,26066
2nmb,4263
2ns4,7367
2nsv,7326
2nvj,15025
2nx6,15103
2nx7,15104
2o13,15059
2o8k,15083
2o9l,15083
2obu,6681
2oi3,6581
2oj2,6581
2oyv,15145
2oyw,15145
2p4l,15174
2p5h,7389
2p5j,7388
2p6j,7401
2p7c,5873
2p81,7386
2pco,7402
2pld,5310;5318
2ppz,15245
2ql0,15374
2rlg,11002
2rlh,11003
2rlj,11004
2rly,11007
2rm0,11008
2rmy,11050
2rn5,11016
2rnd,11049
2ro5,11034
2rol,11040
2roo,11044
2roz,10236
2rpj,11346
2rps,11054
2rq2,11072
2rqg,10019
2rqu,11082
2rqz,11006
2rr4,11115
2rrh,11419
2rri,11420
2rrs,11439
2rru,11443
2rs2,11450
2rs9,11463
2rsn,11496
2rsw,21019
2rsy,11508
2rt4,11524
2rt5,11504
2rtv,11539
2rty,11535
2rtz,11536
2ru0,11537
2ru2,11543
2ru3,11541
2ru7,11489
2rui,11570
2ruk,11578
2rum,11580
2run,11581
2ruo,11582
2rup,11583
2rut,11474
2ruu,11475
2ruv,11486
2ruw,11476
2rux,11477
2ruy,11478
2ruz,11479
2rv0,11480
2rv1,11481
2rv2,11482
2rv3,11483
2rv4,11484
2rv5,11485
2rvb,11594
2rvd,20009
2rvn,11606
2sh1,1049
2spz,4023
2uvs,15226
2v1v,4246
2vgh,5238
2w9o,16136
2w9u,16150
2w9v,16151
2w9w,16152
2wh9,16960
2xa6,16969
2yh1,17623
2yka,17693
2ymj,18782
2yom,18159
2yon,18160
2yql,11347
2yrh,11238
2yrj,11239
2yrm,10306
2ys0,11150
2ys2,11157
2ys5,11094
2yso,11368
2ysp,11369
2ytd,10307
2yte,10308
2ytf,10185
2ytg,10186
2yth,10187
2yti,10188
2ytj,10309
2ytk,10310
2ytm,10176
2ytn,11168
2yto,11171
2ytp,10177
2ytq,10222
2ytr,10223
2yts,10156
2ytt,10178
2yu8,10234
2yyf,7397
2z3s,15299
2zaj,10215
3bbg,4211
3egf,2201
3leu,4507
3thk,7033
3zkt,18972
3zpk,19157
4a24,18004
4a54,18042
4apd,18378
4b19,18590
4b1q,18897
4b2u,18600
4b2v,18729
4b8t,18702
4bd3,18764
4bmf,4148
4bs2,19290
4bxu,19368
4by9,19400
4ch1,19653
4cio,18846
4cyk,19959
4cz3,19911
4cz4,19929
4tgf,162
4uqt,25047
4uzw,25213
4yyp,26547
5a4h,25684
5aay,25736
5aaz,25742
5aht,25349
5b7j,36001
5fzv,26002
5fzw,26003
5fzx,26004
5giw,36009
5gow,36013
5gsf,36016
5gvo,36017
5gwg,36019
5gwm,36021
5h1h,36023
5h1i,36024
5h2s,36025
5h6v,26933
5huz,30005
5i1r,30008
5i1x,30009
5i22,30010
5i2p,30011
5iay,30019
5id5,30022
5iew,30027
5iir,30028
5iiv,30029
5ij4,30030
5ion,30032
5ipo,30033
5j0m,30046
5j1o,30049
5j2w,30051
5j6t,30057
5j6v,30059
5j6w,30060
5j6z,30061
5j7j,30062
5j8h,30063
5j8t,30064
5jhi,30067
5ji4,30069
5jpl,30073
5jpx,30075
5jr0,30076
5jtm,30081
5jtn,30082
5jto,30083
5jtp,30084
5jtq,30085
5jtr,30086
5jxv,30088
5jyh,30089
5jyn,30090
5k5g,30099
5kgy,30106
5kgz,30107
5khb,30109
5ki0,30110
5kj3,30119
5kjg,30120
5kk3,30121
5kk9,30123
5kkm,30124
5kvn,30138
5kwo,30140
5kwp,30141
5kwx,30142
5kwz,30143
5kx0,30144
5kx1,30145
5kx2,30146
5l1c,30149
5l34,30152
5l82,34006
5l85,34007
5lah,34008
5lbj,34011
5lcs,34014
5lff,34016
5lfh,34017
5lfy,34019
5lm0,34027
5lme,34028
5lo2,34031
5lo3,34032
5lo4,34033
5lv6,34040
5lvf,34041
5lwc,34044
5lxj,34045
5m8i,34057
5m9d,34058
5m9u,34059
5m9y,34060
5mf3,34065
5mf8,34066
5mf9,34067
5mgq,34069
5mhd,34070
5miz,26889
5mmk,34074
5mml,34075
5mpg,34079
5mpl,34080
5mwq,34087
5mxl,34090
5mxs,34091
5mxt,34092
5n14,34094
5n5a,34098
5n5b,34099
5n7y,34102
5n8l,34103
5n8m,34104
5nam,34108
5nao,34109
5nbb,34111
5nce,34113
5nda,34114
5niq,34119
5nvb,34129
5nvp,34130
5nwm,34131
5nwu,34132
5nwv,34133
5nww,34134
5nz9,34138
5oap,34152
5ob4,34154
5oek,34160
5ohd,34164
5ojt,34165
5olf,34166
5oqs,34170
5oqv,27212
5or5,34172
5t0x,30156
5t3m,30160
5t42,30162
5t4r,30164
5t56,30165
5t7q,30170
5tbg,30176
5tbn,30177
5tbq,30178
5tbr,30179
5tce,30180
5tcz,30181
5tj1,30188
5tlr,30190
5tn2,30194
5tp6,30196
5twi,30202
5tww,30203
5tx8,30204
5u4k,26867
5u5s,30206
5u9b,30210
5u9q,30211
5u9r,30212
5u9s,30213
5u9v,30214
5u9x,30215
5u9y,30216
5ua6,30217
5ua7,30218
5ua8,30219
5ub0,30220
5ubs,30221
5uce,30222
5ucf,30223
5ug3,30225
5ug5,30226
5ugk,30227
5ui6,30229
5ui7,30230
5ujg,30232
5ujh,30233
5ujq,30235
5ujr,30236
5ukz,30238
5uoi,30240
5up5,30242
5urn,30243
5us3,30244
5uy2,30248
5uzl,30256
5uzz,30258
5v0y,30259
5v11,30260
5v1e,30263
5v2b,30265
5v2g,30267
5v4c,30270
5v4u,30271
5v7z,30273
5vav,30274
5vf0,30276
5vfw,30281
5vl6,30287
5vr1,30291
5vr5,30292
5w4s,30305
5w54,30306
5w96,30311
5w9f,30312
5wbt,30314
5wcv,30315
5we3,30317
5wlx,30318
5woc,30319
5wod,30320
5wov,30323
5wow,30324
5wrx,36038
5wuz,36040
5wxe,36041
5wye,36044
5x0s,36047
5x34,36050
5x35,36051
5x36,36052
5x37,36053
5x38,36054
5x39,36055
5x3c,36056
5x3l,36057
5x3z,36059
5x6t,36062
5x9x,36064
5xbd,36066
5xdi,36068
5xdj,36069
5xek,36072
5xer,36073
5xes,36074
5xiv,36079
5xm4,36083
5xng,36087
5xrx,36098
5xv8,36101
5xzk,36103
5y0h,36105
5y0i,36106
5y0j,36107
5y22,36109
5y3u,36110
5ydy,36115
5ykk,36124
5ykl,36125
5ykq,36126
5yz6,36142
5z1y,36146
5z26,36147
5z2o,36148
5z31,36149
5z32,36150
5z4b,36153
5z5q,36157
5z5r,36158
5zaz,36165
5zcn,36167
5zfo,36171
5zgg,36172
5znu,36177
5zux,36186
6a8y,36200
6aab,36201
6afq,36205
6ahz,36207
6anf,30333
6awk,30337
6awm,30338
6ax2,30339
6axi,30341
6aza,30342
6azf,30343
6azg,30344
6b34,30346
6b35,30347
6b3u,30349
6b7g,27271
6b9k,30350
6b9w,30351
6bam,30354
6bb6,30354
6be7,30355
6be9,30356
6ben,30357
6beo,30358
6beq,30359
6ber,30360
6bes,30361
6bet,30362
6beu,30363
6bew,30364
6bf3,30365
6bf5,30366
6bgg,30367
6bgh,30368
6bi5,30351
6bjf,30371
6bl9,30372
6bnh,30373
6br0,30376
6btv,30377
6buc,30378
6but,27095
6bv7,30379
6bvu,30380
6bvw,30381
6bvx,30382
6bvy,30383
6bx9,30385
6bzj,30389
6bzk,30390
6c0a,25902
6c41,30396
6ceg,30405
6cei,30406
6cej,30407
6cfa,30408
6cfb,30409
6cgw,30411
6cgx,30412
6chc,30413
6civ,30414
6cix,30415
6cj8,30416
6ckd,30419
6ckf,30420
6cku,30422
6cl3,30424
6co4,25979
6coo,30427
6cop,30428
6coq,30429
6cor,30430
6cos,30431
6cot,30432
6cou,30433
6cov,30434
6cow,30435
6csk,30439
6csz,30440
6ct1,30441
6ct4,30442
6ctb,27530
6ctg,30443
6cxn,30446
6cxp,30447
6cxq,30448
6cxr,30449
6d2h,30451
6d2u,30452
6d37,30453
6d3t,30454
6d8h,30459
6d8q,30460
6d8r,30461
6d8s,30462
6d8t,30463
6d8u,30464
6d8y,30465
6d93,30466
6d9o,30467
6d9p,30468
6dhr,30470
6dln,30472
6dmz,30475
6dny,30476
6dri,30479
6dsl,30480
6dst,30481
6dul,30482
6duu,30483
6dz9,30486
6dza,30487
6dzb,30488
6dzc,30489
6dze,30490
6e1l,30232
6e5h,30496
6e5i,30497
6e5j,30498
6e5k,30499
6e5n,30500
6e83,30501
6e86,30502
6e8w,30503
6ee9,30507
6efe,30508
6ena,34183
6es5,34187
6es6,34188
6es7,34189
6ey3,34198
6f0y,34201
6f27,34203
6f3v,34206
6f3w,34207
6f3x,34208
6f3y,34209
6f46,27316
6f55,34211
6f61,34212
6f7m,34213
6f7n,34214
6f7o,34215
6fce,34222
6fdp,34223
6fdt,34224
6fgm,27357
6fgp,34232
6fs4,34237
6fs5,34238
6ftk,34239
6g04,34248
6g4i,34250
6g4k,34251
6g4u,34252
6g4v,34253
6g4x,34254
6g99,34258
6gbe,16879
6gbm,34259
6gc3,34260
6gd5,34261
6gdz,34264
6ge2,34266
6gft,34267
6ggz,34268
6gif,34270
6gig,34271
6gij,34272
6gik,34273
6gil,34274
6gnz,34278
6go0,34279
6gs5,34283
6gs9,34284
6gv6,34288
6gv7,34289
6gvq,34290
6gvt,34290
6gvu,34291
6gw8,34293
6gwx,34295
6h3e,34303
6h7i,34305
6h7q,34306
6h8c,34307
6hh0,34309
6hn9,34313
6hne,34314
6hng,34315
6hnh,34316
6hpj,34317
6ht4,30037
6hvb,34319
6hvc,34319
6hvk,34320
6hz2,34322
6ijq,36133
6img,36213
6imh,36214
6ivs,36220
6ivu,36221
6j12,36228
6k2k,36251
6k59,36258
6k5r,36259
6k5t,36260
6kbo,36265
6kbv,36266
6kh8,36269
6kh9,36270
6kha,36271
6klm,36273
6kmy,36274
6kn2,36275
6kn3,36276
6kno,36279
6knp,36280
6l8r,36293
6m0y,36316
6m19,36317
6m56,36321
6m5c,36322
6mbm,30509
6mce,30510
6mcf,30511
6mf8,30513
6mi9,30516
6mjd,30519
6mjv,30520
6mk4,30521
6mk5,30522
6mk8,30524
6mm4,30525
6mnl,30373
6mpp,27632
6mw6,30530
6my1,30534
6my2,30535
6my3,30536
6mzt,30538
6n68,30544
6n8c,30545
6nhw,30553
6nhy,30554
6nk9,30555
6nm2,30557
6nm3,30558
6nom,30561
6nox,30562
6nu4,30565
6nug,30566
6nw8,30568
6nzn,30572
6o3q,30579
6o3s,30580
6o7g,30585
6o8j,30586
6o8p,30586
6o8r,30587
6o8s,30588
6obk,30592
6obw,30593
6oc2,30594
6oc4,30595
6oc9,30596
6ofa,30597
6okw,30391
6okx,30599
6oky,30600
6old,30601
6oq9,30603
6oqj,30605
6oqk,30606
6oqp,30607
6osw,30608
6ota,30609
6pez,30615
6pf0,30616
6pi2,30617
6pi3,30618
6pin,30619
6pio,30620
6pip,30621
6pmg,30623
6por,30625
6ppc,30626
6pqf,30630
6pqg,30631
6pv0,30641
6pv1,30642
6pv2,30643
6pv3,30644
6pvr,30645
6pvt,30646
6px7,30647
6px8,30648
6q08,30650
6q1x,30651
6q5z,34335
6qan,34339
6qax,34340
6qb0,34342
6qb1,34343
6qbj,27730
6qbk,34345
6qes,34348
6qet,34349
6qjb,34354
6qkf,34357
6qkp,34358
6qkq,34359
6qm1,34360
6qtc,34362
6qtf,34363
6qxb,34366
6qxc,34367
6qxz,27251
6qyr,34369
6qys,34370
6qyt,34371
6qyu,34372
6qyv,34373
6qyw,34374
6r28,34380
6r2x,34381
6r5g,34384
6r95,34387
6r96,34388
6r9z,27863;34391
6rh6,34395
6rhy,34396
6rqs,34400
6rrl,34401
6rro,34402
6rsf,34404
6rsg,34405
6rsm,34406
6ry9,34410
6ryq,34411
6rz1,34412
6rzc,34413
6s0n,34414
6s2d,34416
6s3w,27397
6saa,34417
6sab,34418
6sdw,34421
6sdy,34422
6sft,27990;50001
6snj,34427
6so0,27277
6so9,34428
6sow,34430
6svc,34432
6sve,34433
6svh,34434
6sy2,34437
6szf,34440
6t33,50027
6tdd,34446
6ti5,34454
6ti6,34455
6ti7,34456
6tph,34465
6tt6,34470
6tub,26715
6tvj,34474
6twg,34476
6u24,30654
6u6g,30660
6u7q,30666
6u7r,30667
6u7s,30668
6u7u,30669
6u7w,30670
6u7x,30671
6uch,30672
6uco,30673
6ucp,30674
6urp,16667
6urs,30680
6ut2,30681
6ux5,30682
6uxs,30683
6uyi,28042
6uyj,28042
6uz4,30686
6uz5,30687
6v1n,30690
6v4i,30692
6v4t,30503
6v6t,30695
6ve9,30702
6vgt,30710
6vh8,30711
6vhj,30712
6vjq,30714
6vl2,30716
6vla,30717
6vlj,30718
6vnz,30719
6vpn,30720
6vxg,30726
6vy7,30728
6vy8,30729
6w0o,30731
6wlh,50236
6wpb,30744
6wpd,30745
6wpo,30746
6wpv,30747
6wqj,30748
6wql,30749
6wqr,30750
6wux,30752
6x4x,30755
6x7i,30757
6x8r,30758
6xcr,30760
6xcu,30761
6xfl,30765
6xmn,50331
6xn9,30767
6xth,34478
6xti,34479
6xyh,34485
6xyi,34486
6xyv,34487
6y1q,34491
6yfy,50202
6yhf,34506
6yhi,34507
6yho,34508
6yhp,34509
6yhx,34510
6yjl,34512
6yp5,34513
6yse,28112
6z0g,50263
6z0h,50264
6z0i,50265
6zbi,34521
7a4l,34487
7a58,34487
7a64,34554
7acb,34558
7ace,34559
7acs,34511
7act,34511
7ald,34564
7asy,34567
7at7,34568
7atb,34569
7ay8,34574
7b2b,34575
7b2f,34576
7b3j,34577
7b3k,34578
7b7o,34582
7bw5,36343
7bwi,36345
7bx2,36347
7bz7,36348
7bz8,36349
7bz9,36350
7bza,36351
7c1m,36353
7ck5,36361
7ckd,36362
7cke,36363
7d13,36383
7d16,36384
7d37,36386
7dta,36404
7eau,36412
7edk,36413
7ees,36414
7elj,36417
7ely,36419
7f32,36425
7f7x,36427
7jgx,30775
7jgy,30776
7jhf,30778
7jn6,30783
7jnn,30784
7jpm,30785
7jq8,30786
7js6,30787
7jsq,30656
7ju9,30789
7jvf,30713
7jyn,30790
7k1m,30792
7k1q,30793
7k3g,30795
7k7a,30799
7k7f,30800
7k7x,50464
7klr,30809
7kn0,30810
7knn,30811
7kpd,30813
7l2g,30826
7l51,30827
7l53,30828
7l54,30829
7l55,30830
7l7a,30833
7l83,30834
7l8v,27692
7l96,30838
7l98,30839
7l9d,30840
7lc8,30842
7lcw,30843
7lgl,30846
7lgv,30847
7lhc,30848
7li2,30849
7lif,30851
7ll7,30852
7lns,30854
7lp4,30857
7lso,30863
7lsp,30864
7lve,30869
7lvf,30870
7lvg,30871
7lvn,30872
7lx4,30873
7lzl,30876
7m1d,30878
7m1e,30879
7m25,30881
7m27,30882
7m28,30883
7m29,30884
7m2a,30885
7m2b,30886
7m2c,30887
7m3u,30889
7m67,30891
7m73,30892
7m77,30893
7m79,30894
7m7x,30895
7mj3,30896
7mla,30899
7mll,50886
7mmm,30900
7mn3,30903
7mpa,50778
7my8,30909
7n0t,30913
7n1z,30915
7n20,30916
7n21,30917
7n22,30918
7n23,30919
7n24,30920
7n25,30921
7n26,30922
7nip,50117
7nqc,34608
7ns1,50767
7nxi,34612
7nyi,34614
7ob2,50902
7od2,34619
7ofg,34620
7ofm,34621
7ofo,34622
7oj9,34628
7olg,34629
7os8,34632
7osc,34633
7osd,34634
7osr,34635
7osw,34636
7otd,34637
7ovc,34638
7ovz,34639
7oxf,34641
7p3m,34645
7p3o,34646
7p4x,34649
7p55,34650
7p5g,34651
7p5q,34652
7p5s,34653
7pgd,34655
7ph8,34656
7pht,34657
7pl4,34662
7pll,50901
7pqw,34667
7pre,34669
7pvb,34671
7pvm,50997
7q33,34673
7q4l,34675
7qal,34680
7qam,34681
7qao,34682
7qap,34683
7qby,34686
7qdd,34691
7qde,34692
7qdw,34693
7qgv,50938
7qlf,34697
7qs6,34699
7qtr,34700
7qts,34701
7quu,34702
7qxj,34703
7qzv,34705
7qzw,34706
7r6p,30928
7r95,30931
7rap,30932
7rc7,30933
7rc8,30934
7rfa,30935
7rn3,30938
7rul,30941
7s3e,30945
7s3o,30946
7s3q,30947
7s3r,30948
7s55,30949
7s5j,30950
7s7p,30951
7sag,30952
7sav,30953
7saw,30954
7sft,30958
7skc,30961
7t1n,30971
7t1o,30972
7t1p,30973
7t2f,30974
7t6g,30975
7t7w,30976
7tb9,30978
7th8,30979
7tv5,30987
7tv6,30988
7tv7,30989
7tv8,30990
7tvq,30991
7tvr,30992
7tz3,30994
7ubc,30997
7ubd,30998
7ube,30999
7ubf,31000
7ubg,31001
7ubh,31002
7ubi,31003
7unx,31010
7uv1,31013
7uv2,31014
7uv3,31015
7uzl,31019
7vqh,36450
7vqi,36451
7vrl,36452
7w8k,36457
7w8o,36458
7w8r,36459
7w8t,36460
7w8z,36461
7w96,36462
7x5c,36473
7yyi,34710
7z07,34711
7z08,34712
7z0b,34713
7zap,34715
7zax,34716
7zbs,34718
7zed,34720
7zew,34725
7zex,34726
7zez,34728
7zok,51104
7zrf,51400
7zro,51406
7zru,34732
7zwj,34734
7zzv,51231
8a6i,34737
8ahk,34742
8ar0,34750
8ar1,34751
8ar2,34752
8ar3,34753
8b1l,34755
8b1x,51591
8b4r,34756
8b4s,34757
8b6x,51528
8b6y,51531
8b9q,34762
8b9r,34763
8boo,51673
8bss,34773
8bvc,34775
8bvz,51691
8bwb,34776
8bww,34778
8c5j,16707;16709
8ciq,34790
8cjp,34791
8cjq,34792
8cjr,34793
8cjs,34794
8cjt,34795
8cm3,34797
8coo,34660
8cto,31021
8cun,31022
8cwa,31023
8cwx,31024
8ddc,31026
8ddd,31027
8dfz,31028
8dgh,51447
8dgk,51222
8dhz,31029
8di2,31030
8dij,31031
8dj4,31032
8dym,31036
8dyn,31037
8e1d,31038
8ef4,51618
8ep5,31045
8eru,31047
8ery,31048
8erz,31049
8es0,31050
8es1,31051
8es2,31052
8es3,31053
8f04,31054
8f2f,31055
8fd4,31062
8fey,31063
8fg1,31064
8flp,31066
8g0x,31071
8g0y,31072
8g21,31073
8h0g,36512
8h0u,36513
8hep,36515
8her,36516
8hjc,36521
8hjd,36522
8k3m,36583
8k3n,36584
8ojr,34800
8ol8,34801
8onu,34802
8or5,34804
8ory,34806
8orz,34807
8os0,34808
8osq,34809
8oyd,34814
8p66,34818
8pwt,34837
8pxs,34838
8pxx,34840
8q1l,34841
8q5b,34844
8q7j,34846
8qaq,34848
8qas,34849
8qbp,34850
8qnt,34865
8qnv,34866
8qtq,52114
8r1x,34874;52208
8r89,34884
8raj,34886
8rhs,52226
8rp9,34891
8rpq,34892
8rq6,34893
8rvt,51867
8s2a,34901
8s2b,34902
8s2c,34903
8s2d,34904
8s4l,34905
8s8n,34907
8s8o,34908
8s9y,31076
8sed,51896
8sem,31079
8sg2,31080
8suz,31085
8svb,31086
8sxm,51951
8t01,31088
8t0g,31089
8t0h,31090
8t0i,31091
8t3h,31092
8t3n,31093
8t61,31094
8t62,31095
8t63,31096
8tfv,4387
8tt7,52075
8tv4,31100
8txs,31101
8tyi,31102
8u1t,31104
8u2y,31105
8u9o,52129
8ukc,31109
8ukg,31110
8ulm,31111
8um1,31112
8um2,31113
8um7,31114
8um9,31115
8uma,31116
8umb,31117
8ums,31118
8un8,31119
8ung,31120
8utx,31123
8uwf,31124
8uxr,31126
8v2m,31128
8v2u,31129
8v2v,31130
8v4b,52188
8voh,31138
8voi,31139
8vu6,31141
8vu7,31142
8vu8,31143
8vyc,31145
8w0q,31146
8w16,31147
8w17,31148
8w2v,31150
8zxc,36675
9azi,31151
9baf,31156
9bb1,31157
9bb2,31158
9bb3,31159
9bb4,31160
9bb5,31161
9bb6,31162
9bb7,31163
9bet,31167
9bf4,31168
9bfl,31169
9bhn,31170
9bv0,52414
9bv4,31172
9bvs,31173
9bvu,31174
9bvv,31175
9cch,16492
9ceq,31181
9cja,52210
9crb,52543
9d36,31193
9d99,31194
9d9a,31195
9d9b,31196
9d9c,31197
9dcj,31198
9e3v,31207
9e3w,31208
9e3x,31209
9e3y,31210
9e3z,31211
9ebe,31213
9ecl,31214
9ecm,31215
9efo,31218
9eh4,31219
9ep7,52321
9eps,34911
9ezn,51799
9ezo,51799
9ezp,51799
9f1e,52391
9f1f,52390
9f1g,52393
9fjn,51388
9fjw,51408
9fsi,34922
9g0m,34927
9g0n,34928
9g20,34930
9g21,34931
9g22,34932
9g2n,34933
9g2o,34934
9g31,34935
9g32,34936
9g5p,34937
9g7t,52491
9gag,34940
9gdl,34941
9gdn,34943
9gdt,34944
9gdu,34945
9gdw,34946
9ge1,34949
9ge9,34950
9geb,34951
9gec,34952
9gi8,34953
9grl,34957
9grm,34958
9gsa,34959
9gw6,34962
9hm8,34969
9hr9,34971
9hxs,34975
9jo6,36696
9m1y,36731
9mf7,31220
9mf8,31221
9mf9,31222
9mfa,31223
9mfb,31224
9mtz,52750
9mu0,52749
9mxe,31225
9mxf,31226
9mxg,31227
9myq,52638
9nvh,31235
9nwz,31236
9ny3,31237
9oil,53020
9ol7,31240
9ol8,31241
9ol9,31242
9ola,31243
9p3z,53214
9q63,31265
9q6e,31266
9qlm,34986
9r3y,34992
9r4v,34993
9r4w,34994
9rwf,52961
9s5g,35009
9ylz,31270
9ym0,31271
9ym1,31272
9ym2,31273
9ym3,31274
9ym4,31275
9ym5,31276
9ym6,31277
9ym7,31278
